YEAR,B_WAE-Y,C_WAE-Y,B_WAE-A,C_WAE-A,B_YEP-A,C_YEP-A,B_RAT-A,C_RAT-A,B_LWF,C_LWF,B_BUT,C_BUT,B_WHP,C_WHP,B_WHB,C_WHB,B_SMB,C_SMB,B_LKT,C_LKT,B_RAS,C_RAS,B_SUK,C_SUK,B_CAT,C_CAT,B_PanF,C_PanF
2,0.994542343678247,0.99454,1.00121258783657,0.31965,1.00089172149016,0.28387,1.00202338799657,1,0.999716338510133,0.99972,1.00001555990148,1.00002,0.999418288126366,0.99942,0.99974816988896,0.99975,1.00157951776386,1.00158,1.00069626662462,1.0007,0.989844803606899,0.98984,0.999329267105476,0.99933,1.0003514697449,1.00035,0.998443689799065,0.99844
3,1.24991697361187,1.24992,1.2752088643818,0.3692,1.30541823048956,0.29637,1.00405054215035,1,1.03263742584894,1.03264,0.99697354237512,0.99697,1.15003720689581,1.15004,1.08210554428008,1.08211,1.23549958629123,1.2355,1.02038360104186,1.02038,1.48334340350194,1.48334,1.06915918585393,1.06916,1.03684783564809,1.03685,1.17632899537292,1.17633
4,2.06694080336939,2.06694,1.7939518913764,0.44985,1.86739610280334,0.31694,1.58686313079527,1,1.34367767808778,1.34368,1.07456554653927,1.07457,1.44852193754026,1.44852,1.41729045163086,1.41729,1.6534246548699,1.65342,1.250837963641,1.25084,1.81346284355921,1.81346,1.24157495902133,1.24157,1.31096283779546,1.31096,1.81696098003191,1.81696
5,0.905189867993826,0.90519,2.25974748189127,0.51161,2.90506032866698,0.3496,1.92239280154339,1,1.31698120131053,1.31698,1.15564944246147,1.15565,1.7959921156055,1.79599,1.91821450801518,1.91821,2.33737670475881,2.33738,1.49607340404077,1.49607,1.33280339846479,1.3328,1.30283084419101,1.30283,1.56802520911614,1.56803,1.90226958847483,1.90227
6,0.314654039091963,0.31465,2.67117333849525,0.55979,2.63963395781885,0.34174,1.61965225708206,1,1.14920951692544,1.14921,1.16396876525822,1.16397,2.07041464356491,2.07041,2.30507155759884,2.30507,2.66003400211948,2.66003,1.41661692058118,1.41662,0.976642812567074,0.97664,1.21438057714516,1.21438,1.63740136818512,1.6374,1.28160911203449,1.28161
7,0.752109806542733,0.75211,3.16036119108917,0.61086,2.48674784847975,0.33708,1.29005051779053,1,1.35128101542567,1.35128,1.15798433629013,1.15798,2.52951432288728,2.52951,2.79345563898567,2.79346,2.83453412944802,2.83453,1.12778767296535,1.12779,1.21469582921325,1.2147,1.32932947093405,1.32933,1.64701809130261,1.64702,1.76376665084346,1.76377
8,0.615741814203962,0.61574,3.47072332220019,0.64027,2.50109836136147,0.33752,1.4594545129942,1,1.48400738097092,1.48401,1.17981669527455,1.17982,2.76581448040277,2.76581,3.20734167746609,3.20734,2.99400056887052,2.994,1.08064387849521,1.08064,0.835056407418757,0.83506,1.38982883267682,1.38983,1.68714691944713,1.68715,1.88363705058708,1.88364
9,0.556338925667728,0.55634,3.38051350044851,0.63193,2.18544695656258,0.32755,1.19972260248836,1,1.36912736366537,1.36913,1.1473412501052,1.14734,2.9861614367644,2.98616,3.32491052995342,3.32491,2.81225710077103,2.81226,0.886124307823365,0.88612,0.771155356440545,0.77116,1.37945015570069,1.37945,1.51300510281155,1.51301,1.58473262027182,1.58473
10,0.760130348400204,0.76013,3.15647200199398,0.61045,1.92884152522141,0.31904,1.1929353461387,1,1.4865643199336,1.48656,1.11472031417826,1.11472,3.06463597631272,3.06464,3.27008978349986,3.27009,2.47682174547477,2.47682,0.725092788159643,0.72509,0.650589818253101,0.65059,1.41878055146884,1.41878,1.41204638792422,1.41205,1.77466632452519,1.77467
11,0.887265200548244,0.88727,2.81923250806946,0.57588,1.84455476543635,0.31615,1.10524670573427,1,1.42928338985376,1.42928,1.07826096635166,1.07826,3.1920087936704,3.19201,3.08446663352925,3.08447,2.33222186057682,2.33222,0.627322258946734,0.62732,0.690544173714751,0.69054,1.41347553266186,1.41348,1.2958630954259,1.29586,1.68726618456732,1.68727
12,0.728068779225151,0.72807,2.56225361240713,0.54751,1.69171561970436,0.31079,1.12132939900785,1,1.42719207353045,1.42719,1.04506749419599,1.04507,3.14650160745606,3.1465,2.75849637917793,2.7585,2.13705138486304,2.13705,0.559403749174894,0.5594,0.607562365774164,0.60756,1.37364712589548,1.37365,1.2477795558648,1.24778,1.59547722983454,1.59548
13,0.68763886610903,0.68764,2.3056027964722,0.51721,1.57484228055276,0.30657,1.03214952060825,1,1.38195205145048,1.38195,1.00588675367415,1.00589,3.08750637669921,3.08751,2.37336866006778,2.37337,2.00266326909273,2.00266,0.509490423985001,0.50949,0.628344216145934,0.62834,1.33493719037832,1.33494,1.17650456306259,1.1765,1.502376732779,1.50238
14,0.70473002021603,0.70473,2.17110721421177,0.50045,1.4791805437603,0.30303,1.03253751493241,1,1.35612978530165,1.35613,0.973343503678667,0.97334,2.9687980250078,2.9688,2.01109721651547,2.0111,1.91097786642971,1.91098,0.491414071525407,0.49141,0.608611110766478,0.60861,1.29846936912928,1.29847,1.13339002870526,1.13339,1.44318192239158,1.44318
15,1.14139622461527,1.1414,2.11211693000323,0.49291,1.53657956222091,0.30516,1.05325955297797,1,1.39877617383667,1.39878,0.94951805760639,0.94952,3.09576656907867,3.09577,1.85564981581951,1.85565,1.89898168688956,1.89898,0.50785756006845,0.50786,0.777852783646873,0.77785,1.32843125622894,1.32843,1.1589636150887,1.15896,1.6059028741718,1.6059
16,1.06877173487645,1.06877,2.16916875199553,0.50022,1.63417463417307,0.30873,1.19584898959611,1,1.44013371670697,1.44013,0.950329103273792,0.95033,3.25024874817174,3.25025,1.82944803303701,1.82945,1.94789046754222,1.94789,0.571961933138789,0.57196,0.863427422206397,0.86343,1.35966646344654,1.35967,1.24229379966468,1.24229,1.7278059477594,1.72781
17,0.905682573843367,0.90568,2.22829959569378,0.50767,1.7363510059996,0.31237,1.31032919098776,1,1.3945403546607,1.39454,0.95638661834844,0.95639,3.41105072409375,3.41105,1.84580485970976,1.8458,2.00925122165984,2.00925,0.627268810922815,0.62727,0.871182899488965,0.87118,1.3503951536259,1.3504,1.31729613557381,1.3173,1.68452104945395,1.68452
18,0.747984042190513,0.74798,2.24681665434687,0.50996,1.65707624150252,0.30955,1.3632590048819,1,1.33157877340731,1.33158,0.961284352883573,0.96128,3.35227942238316,3.35228,1.80339356359113,1.80339,1.96970150796295,1.9697,0.663077503425907,0.66308,0.682033868024134,0.68203,1.30321705369757,1.30322,1.34910524986929,1.34911,1.55887075972581,1.55887
19,0.326662628894681,0.32666,2.03923142845639,0.48336,1.16633746482622,0.29081,1.06558738750809,1,0.984316639336991,0.98432,0.918014935915353,0.91801,2.61956285602127,2.61956,1.29588611495137,1.29589,1.83815224523108,1.83815,0.593982725038227,0.59398,0.378284384456292,0.37828,1.03090900545044,1.03091,1.11701175146657,1.11701,0.782970925144214,0.78297
20,0.633219929108958,0.63322,1.69043555609635,0.43482,0.883821722233746,0.27871,0.70336543808742,1,0.924247539453032,0.92425,0.822186102554743,0.82219,2.13396206514108,2.13396,0.796589298375109,0.79659,1.52652145869884,1.52652,0.429072988736849,0.42907,0.430756217967249,0.43076,0.942404586933798,0.9424,0.884464147767217,0.88446,0.792252179609602,0.79225
21,0.860138345369727,0.86014,1.5419885972526,0.41245,0.79810629038381,0.27478,0.604066736626376,1,1.06263174231168,1.06263,0.763609717692278,0.76361,1.86662991337568,1.86663,0.543364077633158,0.54336,1.36545263133468,1.36545,0.397025891508506,0.39703,0.600466680975818,0.60047,0.999255797553814,0.99926,0.77926749690972,0.77927,0.955233572415527,0.95523
22,0.8033793034243,0.80338,1.53297471567163,0.41106,0.794545274874079,0.27462,0.660734982408039,1,1.14173653468597,1.14174,0.74243922240017,0.74244,1.70716550671356,1.70717,0.425089955268373,0.42509,1.31032463781452,1.31032,0.460003858807217,0.46,0.753789960682919,0.75379,1.04699237255238,1.04699,0.802242807281529,0.80224,1.05572720986795,1.05573
23,0.691095682859135,0.6911,1.59898506688558,0.42118,0.859524317364402,0.27761,0.72330852263749,1,1.12796259791321,1.12796,0.736746229250957,0.73675,1.60742690900723,1.60743,0.362432488665704,0.36243,1.26183154444054,1.26183,0.534660858071142,0.53466,0.841496518037595,0.8415,1.05582522278158,1.05583,0.869492889903148,0.86949,1.07604719551535,1.07605
24,0.600586014842419,0.60059,1.66875808751628,0.43163,0.953698775423944,0.28182,0.789215873246854,1,1.07314563344435,1.07315,0.737404458513725,0.7374,1.54022679014662,1.54023,0.322834459985991,0.32283,1.23396761971817,1.23397,0.602692774906841,0.60269,0.875613484183218,0.87561,1.03837453104218,1.03837,0.940214639068398,0.94021,1.06919211093787,1.06919
25,0.552111657081135,0.55211,1.70717714344548,0.43729,1.04251204420841,0.28565,0.842788498059708,1,1.03620154176342,1.0362,0.739682110077103,0.73968,1.49141994357414,1.49142,0.293246702481211,0.29325,1.21304549817317,1.21305,0.659850594435158,0.65985,0.886792053706463,0.88679,1.01650151989184,1.0165,0.99865973174716,0.99866,1.06469791925628,1.0647
26,0.526100687574152,0.5261,1.72284541143062,0.43957,1.1083233209532,0.28842,0.875340757096963,1,1.02433331819281,1.02433,0.742373859456382,0.74237,1.4546111223194,1.45461,0.269010868580006,0.26901,1.19691484654815,1.19691,0.708218789588935,0.70822,0.893144572468614,0.89314,1.00196359925965,1.00196,1.04069765718008,1.0407,1.06480437994444,1.0648
27,0.509001161983905,0.509,1.72078478671873,0.43927,1.1515416782445,0.2902,0.888592181585831,1,1.0226576676525,1.02266,0.745421953294627,0.74542,1.42759222326966,1.42759,0.248641767154483,0.24864,1.18915883821375,1.18916,0.750913169996941,0.75091,0.900428840301187,0.90043,0.994755977653087,0.99476,1.0686701785258,1.06867,1.06658970150824,1.06659
28,0.498360621247772,0.49836,1.71169183033872,0.43794,1.17969381684976,0.29135,0.892644166094264,1,1.02197091548928,1.02197,0.749015722655773,0.74902,1.40933173935628,1.40933,0.231535272810131,0.23154,1.18982173803023,1.18982,0.789776105939341,0.78978,0.908863278540864,0.90886,0.991567809810299,0.99157,1.08725816117993,1.08726,1.06861370510039,1.06861
29,0.490453149489686,0.49045,1.70340914858308,0.43673,1.199584372077,0.29216,0.897578553225097,1,1.01986372566691,1.01986,0.753255625443869,0.75326,1.39877307803356,1.39877,0.217225475580437,0.21723,1.19565477352588,1.19565,0.825003175150534,0.825,0.917171477808616,0.91717,0.989877553789447,0.98988,1.10064533433607,1.10065,1.07002187071021,1.07002
30,0.485633818765539,0.48563,1.69339940866574,0.43527,1.21591293338604,0.29281,0.906596095825143,1,1.01651008822711,1.01651,0.758297942129206,0.7583,1.39646560156378,1.39647,0.205587042676033,0.20559,1.20598069233863,1.20598,0.856677619734082,0.85668,0.926409503096112,0.92641,0.989126962686594,0.98913,1.11154880316683,1.11155,1.0713369144808,1.07134
31,0.483391472917315,0.48339,1.68344970104481,0.4338,1.23119381489294,0.29343,0.918470949786387,1,1.01197816988451,1.01198,0.764374481170986,0.76437,1.40215632436355,1.40216,0.196497200852515,0.1965,1.22364720047897,1.22365,0.885827520877903,0.88583,0.934913295227981,0.93491,0.98877011057852,0.98877,1.12184231271502,1.12184,1.07132824422899,1.07133
32,0.482395651939722,0.4824,1.67778229723426,0.43297,1.24422504177804,0.29395,0.928966749158865,1,1.00649858303252,1.0065,0.771147638137568,0.77115,1.4133581037084,1.41336,0.189381132111726,0.18938,1.24381279532123,1.24381,0.911300181492511,0.9113,0.940176064594652,0.94018,0.987883076022581,0.98788,1.13136856449432,1.13137,1.06870841092792,1.06871
33,0.482433323614335,0.48243,1.67607976839798,0.43271,1.25326935194136,0.29431,0.9352107974285,1,1.00132863248706,1.00133,0.778137952269264,0.77814,1.42767193503656,1.42767,0.18364195299443,0.18364,1.261218140786,1.26122,0.931384687887029,0.93138,0.942355005080576,0.94236,0.986503962792464,0.9865,1.13890976867695,1.13891,1.06455919522723,1.06456
34,0.483605166042312,0.48361,1.67857691827595,0.43308,1.25824455907043,0.29451,0.937280741538727,1,0.997507998078963,0.99751,0.785012362171358,0.78501,1.4433420286635,1.44334,0.178846105697222,0.17885,1.27606591627892,1.27607,0.945667714171012,0.94567,0.942538625403375,0.94254,0.985189268517065,0.98519,1.14385969127074,1.14386,1.06017304822211,1.06017
35,0.485178894741706,0.48518,1.68457272456819,0.43397,1.25993818415213,0.29457,0.936790500052726,1,0.995147382003039,0.99515,0.791569100216328,0.79157,1.45909619253791,1.4591,0.174706690703907,0.17471,1.28949466766044,1.28949,0.95486497759922,0.95486,0.941625486500805,0.94163,0.984300256519776,0.9843,1.14643379090796,1.14643,1.0560207479126,1.05602
36,0.486499220846227,0.4865,1.69369246955358,0.43531,1.25932433067076,0.29455,0.935187960092196,1,0.99385352003775,0.99385,0.797699133517925,0.7977,1.47397575464428,1.47398,0.171034580689764,0.17103,1.30175925321693,1.30176,0.960169724879903,0.96017,0.940178980187615,0.94018,0.983876627738452,0.98388,1.14722689763062,1.14723,1.05217165631322,1.05217
37,0.48723585629644,0.48724,1.70555110737398,0.43704,1.25728072887518,0.29447,0.933142936724392,1,0.993229368557017,0.99323,0.803356179887453,0.80336,1.48723648021119,1.48724,0.167698862814795,0.1677,1.31270903828756,1.31271,0.962800505024073,0.9628,0.938543270501271,0.93854,0.983795172365957,0.9838,1.14682449024153,1.14682,1.04864769915693,1.04865
38,0.487075861830431,0.48708,1.71907225249971,0.43902,1.25441428554656,0.29435,0.930857039556831,1,0.993026242742083,0.99303,0.808529165672404,0.80853,1.49830614916716,1.49831,0.164600964271567,0.1646,1.32211491868646,1.32211,0.963744767182963,0.96374,0.936935041829454,0.93694,0.983909027354403,0.98391,1.14567177895617,1.14567,1.04549164412818,1.04549
39,0.486217068815465,0.48622,1.73309350538503,0.44105,1.25116391472974,0.29422,0.928451426668432,1,0.993115917704359,0.99312,0.813235070473292,0.81324,1.5067985032784,1.5068,0.161672917617297,0.16167,1.32979876188503,1.3298,0.963701909862318,0.9637,0.935523274496254,0.93552,0.984110346094827,0.98411,1.14407560606103,1.14408,1.04276218216232,1.04276
40,0.484821399361718,0.48482,1.74710491426476,0.44308,1.24788380029509,0.29409,0.926104389544378,1,0.99342115615833,0.99342,0.817510352161458,0.81751,1.51250026756228,1.5125,0.15886661311112,0.15887,1.3357035601087,1.3357,0.963189270373072,0.96319,0.934445869845449,0.93445,0.984336991295607,0.98434,1.14226678750799,1.14227,1.04051141813807,1.04051
41,0.482913637465648,0.48291,1.75955064212368,0.44487,1.24487000864913,0.29397,0.923996543468987,1,0.993873447807145,0.99387,0.821412253002181,0.82141,1.51537463707174,1.51537,0.156152027654537,0.15615,1.33990147849328,1.3399,0.96255984468507,0.96256,0.933797181428045,0.9338,0.984554281677698,0.98455,1.1404372137656,1.14044,1.03876569628208,1.03877
42,0.4809305872959,0.48093,1.77136215781894,0.44656,1.24235549885135,0.29387,0.92225978407579,1,0.99440235829346,0.9944,0.825006930970712,0.82501,1.51553396375042,1.51553,0.15351863193462,0.15352,1.34256166245938,1.34256,0.962077452574048,0.96208,0.933629317714026,0.93363,0.984741682273242,0.98474,1.13874768053156,1.13875,1.03751776359525,1.03752
43,0.47835184000245,0.47835,1.78247571737989,0.44815,1.24050366511817,0.2938,0.920959177740504,1,0.99494253827695,0.99494,0.82836514386719,0.82837,1.51321176530183,1.51321,0.150964521455828,0.15096,1.34392622737906,1.34393,0.961936023415921,0.96194,0.933945566499713,0.93395,0.984881472165536,0.98488,1.13732621615336,1.13733,1.03672760353073,1.03673
44,0.47532758660382,0.47533,1.79178459637439,0.44948,1.23940814114129,0.29375,0.92011363538021,1,0.995441144810496,0.99544,0.831558671675062,0.83156,1.50875032773353,1.50875,0.148501462846664,0.1485,1.34427390773607,1.34427,0.96218748050301,0.96219,0.934717330160507,0.93472,0.984961938817356,0.98496,1.13626017488946,1.13626,1.03633602494632,1.03634
45,0.472267093494818,0.47227,1.79901348540009,0.4505,1.23911011791779,0.29374,0.919714983632441,1,0.99585612342903,0.99586,0.834655546372311,0.83466,1.50253300362558,1.50253,0.146142969534088,0.14614,1.34391831335859,1.34392,0.962966329887797,0.96297,0.935899075819065,0.9359,0.984976997793784,0.98498,1.1356014827264,1.1356,1.03626791344888,1.03627
46,0.469309040904499,0.46931,1.80424904398165,0.45125,1.23959120136821,0.29376,0.919733894549521,1,0.996156964030445,0.99616,0.837713862043642,0.83771,1.49495350905629,1.49495,0.143907006855019,0.14391,1.34316111597615,1.34316,0.964362901615334,0.96436,0.937423372633872,0.93742,0.984924063209978,0.98492,1.13536815790548,1.13537,1.03644015133591,1.03644
47,0.466503988185634,0.4665,1.80772058903625,0.45174,1.24078759925954,0.29381,0.920113715511215,1,0.996327586966332,0.99633,0.840784330338753,0.84078,1.48639839282482,1.4864,0.14180976908683,0.14181,1.34227125814884,1.34227,0.966355354935676,0.96636,0.939207715527456,0.93921,0.984805797006215,0.98481,1.13554727594982,1.13555,1.03677112152542,1.03677
48,0.463874130783938,0.46387,1.80974538802286,0.45202,1.24259608949698,0.29388,0.920777761146143,1,0.996364487697935,0.99636,0.843900967246635,0.8439,1.47722427549704,1.47722,0.139868493733749,0.13987,1.34146362565288,1.34146,0.968871162075425,0.96887,0.941166807897163,0.94117,0.984628359672852,0.98463,1.13610112779746,1.1361,1.03718654330232,1.03719
49,0.461438194385621,0.46144,1.81063280092056,0.45215,1.24489505590626,0.29397,0.921640772065434,1,0.99627749267706,0.99628,0.847085920072307,0.84709,1.46774022177305,1.46774,0.138095044468637,0.1381,1.34089797439305,1.3409,0.971815707257467,0.97182,0.943222114834661,0.94322,0.984401790527508,0.9844,1.1369733019081,1.13697,1.03762330723754,1.03762
50,0.459210884161914,0.45921,1.81067137005723,0.45215,1.24755094572964,0.29408,0.922620854382413,1,0.996080482625837,0.99608,0.850350489620126,0.85035,1.45819786126453,1.4582,0.136497767106349,0.1365,1.34067423564479,1.34067,0.975084402135844,0.97508,0.945305274990044,0.94531,0.984137421830222,0.98414,1.13809613484396,1.1381,1.0380323930612,1.03803
51,0.457195945250059,0.4572,1.8101331772924,0.45208,1.25043372847991,0.29419,0.923642364428757,1,0.995798264181339,0.9958,0.853698253531672,0.8537,1.44878732057952,1.44879,0.135082484308412,0.13508,1.34084606378419,1.34085,0.978578839708923,0.97858,0.947358658876864,0.94736,0.983847802728017,0.98385,1.13939778171881,1.1394,1.03837845282358,1.03838
52,0.45538580476225,0.45539,1.80924996020036,0.45195,1.25342990877319,0.29431,0.924641918579848,1,0.995453582487256,0.99545,0.857121034340475,0.85712,1.43964061325178,1.43964,0.133850518304216,0.13385,1.34141775116133,1.34142,0.982202755841103,0.9822,0.949339214973493,0.94934,0.983545254201607,0.98355,1.14081164346356,1.14081,1.03863939405611,1.03864
53,0.453763582043124,0.45376,1.80823925516703,0.45181,1.25643685155978,0.29443,0.925567992599741,1,0.995071656479339,0.99507,0.860607247302373,0.86061,1.43083667620722,1.43084,0.132798278452484,0.1328,1.34236716534609,1.34237,0.985870600726943,0.98587,0.951214933791226,0.95121,0.98324088034472,0.98324,1.14227568258914,1.14228,1.03880596293234,1.03881
54,0.452304107567391,0.4523,1.80726018005332,0.45167,1.25937383813993,0.29455,0.926382123606241,1,0.994673238524336,0.99467,0.864138663481695,0.86414,1.42241037729042,1.42241,0.131920633532747,0.13192,1.34364655394374,1.34365,0.989506055368526,0.98951,0.952966522789391,0.95297,0.98294395992061,0.98294,1.14373500808198,1.14374,1.03887707567079,1.03888
55,0.45098105522326,0.45098,1.80643409046915,0.45155,1.26218177264135,0.29466,0.927059070332906,1,0.994279012272551,0.99428,0.867696770002963,0.8677,1.41436171650137,1.41436,0.131211142225689,0.13121,1.34519475096556,1.34519,0.993048295337709,0.99305,0.954584242646813,0.95458,0.982661946362056,0.98266,1.14514803353704,1.14515,1.03886023537399,1.03886
56,0.449767493067916,0.44977,1.80584296600211,0.45147,1.26482367122344,0.29477,0.927586011819003,1,0.993903957909253,0.9939,0.871261009624083,0.87126,1.40666483352202,1.40666,0.130660852189214,0.13066,1.34694576152897,1.34695,0.996448694059143,0.99645,0.956068651668526,0.95607,0.982400087494174,0.9824,1.14648404431514,1.14648,1.03876753037381,1.03877
57,0.448635828251972,0.44864,1.80552876470882,0.45143,1.26727732401367,0.29486,0.927960143479372,1,0.993562231022356,0.99356,0.874813437349192,0.87481,1.39927691838765,1.39928,0.130259998334719,0.13026,1.34882674981843,1.34883,0.999673872273481,0.99967,0.957424402396493,0.95742,0.982162033977918,0.98216,1.14772160098992,1.14772,1.03861304982944,1.03861
58,0.44756213044996,0.44756,1.80550246023486,0.45142,1.26953969794573,0.29495,0.928188196318397,1,0.993260222241356,0.99326,0.878335369938929,0.87834,1.39214595989675,1.39215,0.129998597223794,0.13,1.3507768181171,1.35078,1.00270454418643,1.0027,0.958663219236462,0.95866,0.981949230866582,0.98195,1.1488477790845,1.14885,1.03841388414109,1.03841
59,0.446530124837541,0.44653,1.80575549959176,0.45146,1.27161353256339,0.29503,0.928281308545715,1,0.993003085299717,0.993,0.881808919185393,0.88181,1.38521820345562,1.38522,0.129866665418029,0.12987,1.35273654420346,1.35274,1.00553172624425,1.00553,0.959798501509285,0.9598,0.981761526049291,0.98176,1.14985923344015,1.14986,1.03818629003093,1.03819
60,0.445523674279246,0.44552,1.80625157292282,0.45153,1.27351546081083,0.29511,0.928256948720324,1,0.992793293989503,0.99279,0.885223352163843,0.88522,1.37844125044226,1.37844,0.129854583395361,0.12985,1.3546561636437,1.35466,1.00815747889504,1.00816,0.960845447518706,0.96085,0.981598539248864,0.9816,1.15076006947895,1.15076,1.03794494023279,1.03794
61,0.444533636234159,0.44453,1.80694501049718,0.45163,1.27526152858714,0.29518,0.928134027759303,1,0.992629405265343,0.99263,0.888568219889348,0.88857,1.3717695789485,1.37177,0.129955121351059,0.12996,1.35649637460734,1.3565,1.01059292855858,1.01059,0.961819131500687,0.96182,0.981458445134825,0.98146,1.15155826996602,1.15156,1.03770492431954,1.0377
62,0.443551611681259,0.44355,1.80778836743542,0.45175,1.27687766371709,0.29524,0.927932738675806,1,0.992507502289804,0.99251,0.891834095560283,0.89183,1.36516551233116,1.36517,0.130157155575499,0.13016,1.35822833786724,1.35823,1.01285183902823,1.01285,0.962734131420043,0.96273,0.981339038099515,0.98134,1.15226501077255,1.15227,1.03747641316351,1.03748
63,0.442574268549913,0.44257,1.80872693688677,0.45188,1.27838676095915,0.2953,0.927671591731891,1,0.992424286673469,0.99242,0.895018082990608,0.89502,1.35860144687995,1.3586,0.130455506326031,0.13046,1.35983340852771,1.35983,1.01495547412848,1.01496,0.963603102190913,0.9636,0.981237656202655,0.98124,1.15289321637543,1.15289,1.03726774354529,1.03727
64,0.441601827142309,0.4416,1.80970923954331,0.45202,1.2798115193901,0.29536,0.927369017058609,1,0.992375910295352,0.99238,0.898114730536011,0.89811,1.35206023923797,1.35206,0.130843222800456,0.13084,1.36130206293699,1.3613,1.01692229547436,1.01692,0.964435472965009,0.96444,0.981151561448534,0.98115,1.15345824409426,1.15346,1.03708600172838,1.03709
65,0.440636655707,0.44064,1.8106870236399,0.45216,1.28116994172599,0.29541,0.92703935810578,1,0.992353852316126,0.99235,0.901125685047378,0.90113,1.34553346300943,1.34553,0.131316508138237,0.13132,1.36263094769657,1.36263,1.01877167127809,1.01877,0.965238935945043,0.96524,0.981078091896871,0.98108,1.1539712698002,1.15397,1.03693427232161,1.03693
66,0.439682499381226,0.43968,1.81161655597136,0.45229,1.28248081340968,0.29546,0.926695596096146,1,0.992356532257527,0.99236,0.904048050338666,0.90405,1.33902140875971,1.33902,0.131868399406632,0.13187,1.3638265013316,1.36383,1.02052049721415,1.02052,0.966019880621977,0.96602,0.981015726438938,0.98102,1.15444559810184,1.15445,1.03681430604888,1.03681
67,0.438744728030887,0.43874,1.81246669074952,0.45241,1.28375567966124,0.29551,0.92634830832231,1,0.992375154414444,0.99238,0.906885460839419,0.90689,1.33253182489872,1.33253,0.132496664585389,0.1325,1.36489932058134,1.3649,1.02218509203156,1.02219,0.966780912419309,0.96678,0.980962107356203,0.98096,1.15489065626464,1.15489,1.03672485239313,1.03672
68,0.437829565192871,0.43783,1.81321225314038,0.45251,1.28500471592888,0.29556,0.926003424478612,1,0.992407244994814,0.99241,0.909639052308868,0.90964,1.32607701202718,1.32608,0.133197652380508,0.1332,1.36586536762268,1.36587,1.02377658215011,1.02378,0.967523334048791,0.96752,0.980915789595373,0.98092,1.15531640373846,1.15532,1.03666441073384,1.03666
69,0.436942215506432,0.43694,1.81383839644699,0.4526,1.28623496675368,0.29561,0.925665271639298,1,0.992449643042113,0.99245,0.912312175236746,0.91231,1.31967324180589,1.31967,0.133969397643724,0.13397,1.36673872672934,1.36674,1.02530584673579,1.02531,0.968246339069814,0.96825,0.98087540415859,0.98088,1.15572763018236,1.15573,1.03662922951974,1.03663
70,0.436088599592948,0.43609,1.81433479253234,0.45267,1.28744643213563,0.29566,0.925334971638432,1,0.992498775301138,0.9925,0.914907044353556,0.91491,1.31333891670837,1.31334,0.134809935226772,0.13481,1.36753764038919,1.36754,1.02677832537162,1.02678,0.968948004431701,0.96895,0.980840342602362,0.98084,1.1561290492291,1.15613,1.03661580730299,1.03662
71,0.435273371336196,0.43527,1.81469966624787,0.45272,1.28864087321,0.29571,0.925013165524052,1,0.992552030546934,0.99255,0.917423830023182,0.91742,1.30709195493254,1.30709,0.135717372764656,0.13572,1.36827726596347,1.36828,1.02819747961042,1.0282,0.969626034880417,0.96963,0.980810376760379,0.98081,1.15652240948438,1.15652,1.0366202257967,1.03662
72,0.434499862806811,0.4345,1.81493995681064,0.45276,1.28981515906965,0.29575,0.92469728910401,1,0.992608859047932,0.99261,0.919866734554782,0.91987,1.30095085580703,1.30095,0.136689648064751,0.13669,1.36897249254154,1.36897,1.02956512264653,1.02957,0.970277018551856,0.97028,0.980785202410897,0.98079,1.15690816710619,1.15691,1.036638566714,1.03664
73,0.43377135099988,0.43377,1.81506082828915,0.45278,1.29096909403288,0.2958,0.924385419234198,1,0.992667542892978,0.99267,0.922233883945623,0.92223,1.29493101929654,1.29493,0.137726178860905,0.13773,1.3696363313096,1.36964,1.03087902919597,1.03088,0.970898536124197,0.9709,0.980764819553914,0.98076,1.1572842693835,1.15728,1.03666632819337,1.03667
74,0.43308981863512,0.43309,1.81507567498612,0.45278,1.29209299185573,0.29584,0.924073228840367,1,0.992728906679424,0.99273,0.924528742261363,0.92453,1.28904687681452,1.28905,0.138824611827417,0.13882,1.37027589147249,1.37028,1.03213969376631,1.03214,0.971486927597762,0.97149,0.980749836632922,0.98075,1.15765010810565,1.15765,1.0367005089938,1.0367
75,0.432455128023661,0.43246,1.81500095736989,0.45277,1.2931862654931,0.29589,0.923757432551329,1,0.992793637571734,0.99279,0.926748924407614,0.92675,1.28330840443872,1.28331,0.139985456447171,0.13999,1.37089948945849,1.3709,1.03334134710284,1.03334,0.972039277379589,0.97204,0.980740253647923,0.98074,1.15800142579788,1.158,1.03673877481672,1.03674
76,0.431867637156564,0.43187,1.8148494242346,0.45275,1.29423766324746,0.29593,0.923433623161835,1,0.992863109898831,0.99286,0.928895225415838,0.9289,1.27772393170978,1.27772,0.141204103113125,0.1412,1.3715120882974,1.37151,1.03448077490651,1.03448,0.972553600385106,0.97255,0.980736602986971,0.98074,1.15833578961749,1.15834,1.03677862462795,1.03678
77,0.43132599668291,0.43133,1.81463495401437,0.45272,1.29524845704982,0.29597,0.923099717265763,1,0.992936705212699,0.99294,0.930965941647189,0.93097,1.27229868880439,1.2723,0.142481837663032,0.14248,1.37211449280485,1.37211,1.0355551749679,1.03556,0.973028407800886,0.97303,0.980739264927248,0.98074,1.15864939824776,1.15865,1.03681889127821,1.03682
78,0.430827948505244,0.43083,1.8143725547833,0.45268,1.2962111131549,0.296,0.922751788443891,1,0.993015179394247,0.99302,0.932961300253513,0.93296,1.26703509710065,1.26704,0.143814826844721,0.14381,1.37270562989332,1.37271,1.03655894286814,1.03656,0.973461590474572,0.97346,0.980748771856811,0.98075,1.15894057910932,1.15894,1.03685865772163,1.03686
79,0.430372088197101,0.43037,1.81407562084408,0.45264,1.29712621860776,0.29604,0.922387512897085,1,0.993101281101321,0.9931,0.934880903719078,0.93488,1.26193276917807,1.26193,0.145201796950983,0.1452,1.37328080480491,1.37328,1.03749117201008,1.03749,0.973853706711199,0.97385,0.980765504052842,0.98077,1.15920575896444,1.15921,1.03689775722261,1.0369
80,0.429955937358834,0.42996,1.81374963901951,0.45259,1.29798643534481,0.29607,0.9220060893153,1,0.99319686567797,0.9932,0.936722139797651,0.93672,1.2569903490649,1.25699,0.146639363559804,0.14664,1.37384041994744,1.37384,1.03834699973618,1.03835,0.974204756510767,0.9742,0.980789385459904,0.98079,1.15944242894408,1.15944,1.03693627314895,1.03694
81,0.429576934977478,0.42958,1.81340558295515,0.45254,1.29879323097876,0.29611,0.921606636257485,1,0.993299871630807,0.9933,0.938484270245732,0.93848,1.25220483425231,1.2522,0.148125124823306,0.14813,1.37437817093171,1.37438,1.03912642604644,1.03913,0.974515732415563,0.97452,0.980820872410617,0.98082,1.15965081712724,1.15965,1.0369750391787,1.03698
82,0.429232767880029,0.42923,1.81305039186808,0.45249,1.29954425732926,0.29614,0.921189955033686,1,0.993412910184788,0.99341,0.94016655681982,0.94017,1.24757225368023,1.24757,0.149656072366367,0.14966,1.37489003367952,1.37489,1.03982895643331,1.03983,0.974786634425585,0.97479,0.980859812794106,0.98086,1.1598286427239,1.15983,1.03701480562212,1.03701
83,0.42892073736465,0.42892,1.81268229060973,0.45244,1.30024205825835,0.29616,0.920754843678834,1,0.993536050056358,0.99354,0.94176598975795,0.94177,1.24308853943345,1.24309,0.151230313823988,0.15123,1.37537278892831,1.37537,1.04045253044868,1.04045,0.975020254066012,0.97502,0.980906130554937,0.98091,1.15997575368137,1.15998,1.03705723983534,1.03706
84,0.428638750560531,0.42864,1.81230434534579,0.45239,1.3008893733098,0.29619,0.920305228612153,1,0.993667367185025,0.99367,0.943283534455471,0.94328,1.2387493330314,1.23875,0.152845580784285,0.15285,1.37582214432799,1.37582,1.04100085689916,1.041,0.975217956082485,0.97522,0.980959673582235,0.98096,1.16009298628933,1.16009,1.03710184161151,1.0371
85,0.428385403041206,0.42839,1.81191816984767,0.45233,1.30148444134833,0.29621,0.919840468785608,1,0.993808854347727,0.99381,0.944720724187344,0.94472,1.23455056655889,1.23455,0.15449732429294,0.1545,1.37623394166441,1.37623,1.04147426545643,1.04147,0.975380733017291,0.97538,0.981020061598819,0.98102,1.1601823172325,1.16018,1.03715052841016,1.03715
86,0.428158712086957,0.42816,1.81152489375534,0.45228,1.30203225225719,0.29623,0.919362647605317,1,0.993959961812896,0.99396,0.946075117071222,0.94608,1.23048846266608,1.23049,0.156183651984955,0.15618,1.37660643717036,1.37661,1.04187489898653,1.04187,0.975510818090572,0.97551,0.981087218549252,0.98109,1.16024329035286,1.16024,1.03720355033473,1.0372
87,0.427957686337927,0.42796,1.8111169323432,0.45222,1.30253192546876,0.29625,0.918873207429362,1,0.994119864983178,0.99412,0.94734654274322,0.94735,1.22655982513389,1.22656,0.157902295448445,0.1579,1.37693600917543,1.37694,1.04220580695266,1.04221,0.975609451980184,0.97561,0.981160535990041,0.98116,1.1602776542561,1.16028,1.03726174106326,1.03726
88,0.427781306896483,0.42778,1.81070041794259,0.45216,1.3029876681395,0.29627,0.918373991270849,1,0.994287876694109,0.99429,0.948536988781992,0.94854,1.22276232943934,1.22276,0.159648899817809,0.15965,1.37722466971875,1.37722,1.04246633001142,1.04247,0.975678247567341,0.97568,0.981239861810314,0.98124,1.16028609317924,1.16029,1.03732526733137,1.03733
89,0.427628720091637,0.42763,1.81026954097644,0.4521,1.30339996947366,0.29629,0.917867082535896,1,0.994462966198999,0.99446,0.949647079855118,0.94965,1.21909384476971,1.21909,0.161419995757221,0.16142,1.37747335775189,1.37747,1.04266297917884,1.04266,0.975718941801042,0.97572,0.981324815732888,0.98132,1.16027088791232,1.16027,1.03739421250687,1.03739
90,0.427499154865721,0.4275,1.80982220354192,0.45204,1.30377196037837,0.2963,0.917353683189573,1,0.994646232960984,0.99465,0.950677610994058,0.95068,1.21555330571865,1.21555,0.163213375507518,0.16321,1.37767912228416,1.37768,1.04279830941057,1.0428,0.975733023494717,0.97573,0.981414941425145,0.98141,1.16023492745605,1.16023,1.03746966037123,1.03747
91,0.427392115538806,0.42739,1.80935469396479,0.45197,1.30410775016926,0.29631,0.916835155458957,1,0.994834035008418,0.99483,0.951629888321931,0.95163,1.2121397437349,1.21214,0.165026358218289,0.16503,1.37784424362655,1.37784,1.04287380422924,1.04287,0.975721857394006,0.97572,0.981509858609901,0.98151,1.16017912412645,1.16018,1.03755027703956,1.03755
92,0.427306996279867,0.42731,1.80887169218214,0.45191,1.30440724100549,0.29633,0.916313502619162,1,0.995028777416917,0.99503,0.952505501901659,0.95251,1.20885306196336,1.20885,0.166854249368678,0.16685,1.3779722093135,1.37797,1.04289341969523,1.04289,0.975686187905624,0.97569,0.981609110954538,0.98161,1.16010362997618,1.1601,1.03763631261527,1.03764
93,0.427244457995477,0.42724,1.80836529071406,0.45183,1.3046701393645,0.29634,0.915789525980235,1,0.995226955647726,0.99523,0.953304622097127,0.9533,1.20569335725913,1.20569,0.16869661225907,0.1687,1.37806315348096,1.37806,1.04285913383871,1.04286,0.975626821470178,0.97563,0.98171239423731,0.98171,1.1600114100323,1.16001,1.03772701678811,1.03773
94,0.427203839779063,0.4272,1.8078443653033,0.45176,1.30490016319853,0.29635,0.915263786459206,1,0.995429188148859,0.99543,0.954031621581379,0.95403,1.20266072647735,1.20266,0.170547854708291,0.17055,1.37812083193525,1.37812,1.0427736664512,1.04277,0.975545433002775,0.97555,0.98181963240278,0.98182,1.15990261634747,1.1599,1.03782247292589,1.03782
95,0.427183682128613,0.42718,1.80730278361851,0.45168,1.30509848659776,0.29635,0.914737245628133,1,0.995635612353211,0.99564,0.954685251019259,0.95469,1.19975536332827,1.19976,0.172406557442594,0.17241,1.37814618362794,1.37815,1.04264031424966,1.04264,0.975442332672879,0.97544,0.981930293062892,0.98193,1.1597789975274,1.15978,1.03792226418958,1.03792
96,0.427183929968577,0.42718,1.80674587110533,0.45161,1.30526814262847,0.29636,0.914209743225004,1,0.995844029334501,0.99584,0.955266986897768,0.95527,1.19697775208749,1.19698,0.174269457345414,0.17427,1.37814122059816,1.37814,1.04246072559257,1.04246,0.975318885226132,0.97532,0.982043995940465,0.98204,1.15964078165107,1.15964,1.03802505669428,1.03803
97,0.427205051441112,0.42721,1.80616991608954,0.45152,1.30540521765675,0.29637,0.913683362655939,1,0.996056500586117,0.99606,0.955780009342755,0.95578,1.19432740847941,1.19433,0.176134370918678,0.17613,1.37811036933191,1.37811,1.0422374554356,1.04224,0.97517478049307,0.97517,0.982160664980061,0.98216,1.15948979335054,1.15949,1.03813018349754,1.03813
98,0.427246578404063,0.42725,1.80558589221669,0.45144,1.30551274474888,0.29637,0.913157302610892,1,0.996269109270625,0.99627,0.956226249144915,0.95623,1.19180481677965,1.1918,0.177998811400694,0.178,1.37805403223702,1.37805,1.04197017410704,1.04197,0.975011879490478,0.97501,0.982279843849062,0.98228,1.15932603262579,1.15933,1.03823831154182,1.03824
99,0.4273062252222,0.42731,1.80498556925262,0.45136,1.30559189799505,0.29637,0.912631963744887,1,0.996484191747196,0.99648,0.956605819880171,0.95661,1.18940929900232,1.18941,0.179858084270604,0.17986,1.37797502616825,1.37798,1.04166415635406,1.04166,0.974830058150571,0.97483,0.982401532547468,0.9824,1.15914957550316,1.15915,1.03834810694222,1.03835
100,0.427385010793155,0.42739,1.80437475677439,0.45127,1.30564414500796,0.29638,0.91210798710596,1,0.996701473150045,0.9967,0.95692190167437,0.95692,1.1871402740167,1.18714,0.181710224380144,0.18171,1.37787160735835,1.37787,1.04131931975872,1.04132,0.974630867320669,0.97463,0.982525578964405,0.98253,1.15896232264102,1.15896,1.03845931959532,1.03846
101,0.42748172345488,0.42748,1.80376071675334,0.45118,1.30566527863117,0.29638,0.911585532956119,1,0.996918548403555,0.99692,0.957177220349671,0.95718,1.1849965795613,1.185,0.183552939056337,0.18355,1.37774940951682,1.37775,1.04093615882857,1.04094,0.974414927339701,0.97441,0.982651374656382,0.98265,1.15876442609203,1.15876,1.03857128255867,1.03857
102,0.427595013856457,0.4276,1.80313973751524,0.4511,1.30566126715639,0.29638,0.911065562867421,1,0.997135829806404,0.99714,0.957371321602379,0.95737,1.18297695651951,1.18298,0.185383535318227,0.18538,1.37760735955615,1.37761,1.04051994831077,1.04052,0.974183478885524,0.97418,0.982779071734271,0.98278,1.15855618996153,1.15856,1.0386843293035,1.03868
103,0.427723808024706,0.42772,1.80251714450573,0.45101,1.30563230626534,0.29637,0.910547596053837,1,0.997353454791484,0.99735,0.95750795343796,0.95751,1.18108014577471,1.18108,0.187198907746333,0.1872,1.37744666469979,1.37745,1.04007052336948,1.04007,0.973936459924244,0.97394,0.982908213865454,0.98291,1.15833723411785,1.15834,1.03879762615175,1.0388
104,0.427867500128601,0.42787,1.80189277634766,0.45092,1.30558045061581,0.29637,0.91003203317039,1,0.997572797687719,0.99757,0.957587343008261,0.95759,1.17930430707956,1.1793,0.188995441438291,0.189,1.37726839803526,1.37727,1.0395892851094,1.03959,0.973675545370969,0.97368,0.983038572883621,0.98304,1.15810930716669,1.15811,1.03891058952877,1.03891
105,0.428025897403728,0.42803,1.80127082884671,0.45083,1.3055011995288,0.29637,0.909520476837172,1,0.997791315986599,0.99779,0.95761198898359,0.95761,1.1776476001867,1.17765,0.19077068602404,0.19077,1.3770733643782,1.37707,1.03907829397864,1.03908,0.973402596242483,0.9734,0.983170148788772,0.98317,1.15787301731872,1.15787,1.03902413648043,1.03902
106,0.428197044668142,0.4282,1.80065259302,0.45074,1.30539915152416,0.29637,0.909013648233224,1,0.998008597389448,0.99801,0.957584957913874,0.95758,1.17610760371804,1.17611,0.19252358614618,0.19252,1.37686290508802,1.37686,1.03854043460455,1.03854,0.973118232877715,0.97312,0.983302409192851,0.9833,1.15762950496897,1.15763,1.03913743332868,1.03914
107,0.428379978099759,0.42838,1.80003823024467,0.45066,1.30527538285124,0.29636,0.908511467227541,1,0.99822457317982,0.99822,0.957508067013883,0.95751,1.17468209000572,1.17468,0.194251242604492,0.19425,1.37663688602878,1.37664,1.03797883886826,1.03798,0.972822207141094,0.97282,0.983434973818677,0.98343,1.15737838998575,1.15738,1.03924972976326,1.03925
108,0.4285736237254,0.42857,1.79942951566928,0.45057,1.30513028487341,0.29636,0.908013773558115,1,0.99844075511953,0.99844,0.957380861979926,0.95738,1.17336873452679,1.17337,0.195950234585328,0.19595,1.37639450238484,1.37639,1.0373929298443,1.03739,0.972517372591689,0.97252,0.983567842666248,0.98357,1.15712058468509,1.15712,1.03936210956564,1.03936
109,0.428777706167327,0.42878,1.79882790168808,0.45049,1.30496552088511,0.29635,0.907522650631064,1,0.998654394550731,0.99865,0.957207885848928,0.95721,1.17216492219289,1.17216,0.197618524157155,0.19762,1.37614004650627,1.37614,1.03678641633925,1.03679,0.972203853297288,0.9722,0.983700635458383,0.9837,1.15685760959367,1.15686,1.03947407252899,1.03947
110,0.428990738385751,0.42899,1.79823274279251,0.4504,1.30478275418074,0.29634,0.907038739494425,1,0.998866728369454,0.99887,0.956989933652353,0.95699,1.17106842533618,1.17107,0.199253782255361,0.19925,1.37587137221805,1.37587,1.03616061703992,1.03616,0.971883944511924,0.97188,0.983833352195082,0.98383,1.15658961676417,1.15659,1.03958511844648,1.03959
111,0.429212031936327,0.42921,1.7976472665254,0.45032,1.30458511566745,0.29633,0.90656244080322,1,0.999075351500083,0.99908,0.956730185516049,0.95673,1.17007643515806,1.17008,0.200855123350173,0.20086,1.37559075983114,1.37559,1.03551882866327,1.03552,0.971557460133919,0.97156,0.983965308377415,0.98397,1.15631812672328,1.15632,1.03969499721468,1.03969
112,0.429440678072519,0.42944,1.79706985911534,0.45024,1.3043696701198,0.29633,0.906094155212474,1,0.999281844420881,0.99928,0.956430685806633,0.95643,1.16918614285995,1.16919,0.202418180445445,0.20242,1.37529861175338,1.3753,1.03486319407534,1.03486,0.97122520660388,0.97123,0.984096351894511,0.9841,1.15604329152366,1.15604,1.03980462587947,1.0398
113,0.429676649256552,0.42968,1.79650471636798,0.45016,1.30413749378711,0.29632,0.905634523770221,1,0.999487031729201,0.99949,0.956093478890722,0.95609,1.16839503020863,1.1684,0.203943086977171,0.20394,1.37499546452852,1.375,1.03419354844027,1.03419,0.970889106972486,0.97089,0.984226406690931,0.98423,1.15576663169202,1.15577,1.03991275392375,1.03991
114,0.429918348297543,0.42992,1.79594586732911,0.45008,1.30389377223433,0.29631,0.905184427917514,1,0.99968754631918,0.99969,0.95572117701455,0.95572,1.16770057897087,1.1677,0.205428496454873,0.20543,1.37468265951597,1.37468,1.0335144247439,1.03351,0.970550525985377,0.97055,0.984355092489495,0.98436,1.15548753901767,1.15549,1.04001954808313,1.04002
115,0.430165307053338,0.43017,1.79540057397008,0.45,1.30363742921215,0.2963,0.90474490935741,1,0.999884762519741,0.99988,0.955315143089195,0.95532,1.16710027091347,1.1671,0.206871303459069,0.20687,1.37436341597829,1.37436,1.03282780101643,1.03283,0.970209525676449,0.97021,0.984482637456512,0.98448,1.15520814223797,1.15521,1.04012500835762,1.04013
116,0.43041625878634,0.43042,1.79486770665089,0.44992,1.30337071506005,0.29629,0.90431612835192,1,1.00007923006246,1.00008,0.954876512873888,0.95488,1.16659129723782,1.16659,0.208271289639952,0.20827,1.37403652669201,1.37404,1.03213285307859,1.03213,0.969867098587984,0.96987,0.984608128926742,0.98461,1.15492904956362,1.15493,1.04022855117258,1.04023
117,0.430670762892167,0.43067,1.79434758812584,0.44985,1.30309362977806,0.29628,0.903898485556066,1,1.00026785670724,1.00027,0.95440926152594,0.95441,1.16617104285558,1.16617,0.209626756721244,0.20963,1.37370185752121,1.3737,1.03143543260303,1.03144,0.969523740991128,0.96952,0.984731338733878,0.98473,1.15465064112628,1.15465,1.04033084347044,1.04033
118,0.430928378766438,0.43093,1.79383763636066,0.44978,1.30280734745633,0.29626,0.903491900838843,1,1.00045208549948,1.00045,0.953916114867509,0.95392,1.16583660211305,1.16584,0.210935812337948,0.21094,1.37336303013625,1.37336,1.0307337263954,1.03073,0.969181251868771,0.96918,0.984852723210537,0.98485,1.15437352513662,1.15437,1.04043105157316,1.04043
119,0.431188473040354,0.43119,1.79333930374962,0.44971,1.30251490116118,0.29625,0.903097255641303,1,1.00063260360361,1.00063,0.953397754354132,0.9534,1.16558516621163,1.16559,0.21219806831263,0.2122,1.37301964212934,1.37302,1.03003202018778,1.03003,0.968839879356485,0.96884,0.984971597857792,0.98497,1.15409853788434,1.1541,1.04052909211292,1.04053
120,0.43145071526063,0.43145,1.7928548495727,0.44964,1.3022151168024,0.29624,0.902715511535499,1,1.00080789925784,1.00081,0.952857473687582,0.95286,1.16541412006297,1.16541,0.21341337907875,0.21341,1.37267249831609,1.37267,1.02933056123392,1.02933,0.96850005769152,0.9685,0.985088038731079,0.98509,1.15382522321142,1.15383,1.04062496508973,1.04062
121,0.431714609747337,0.43171,1.79238378969847,0.44957,1.30190770085748,0.29623,0.902346027473396,1,1.0009771478648,1.00098,0.95229674935486,0.9523,1.16532104228898,1.16532,0.214581623330861,0.21458,1.37232374487156,1.37232,1.02863149239987,1.02863,0.968162903483948,0.96816,0.985201665553215,0.9852,1.15355472151288,1.15355,1.0407188372392,1.04072
122,0.431979357905032,0.43198,1.79192822202977,0.44951,1.30159480582505,0.29622,0.901989524634034,1,1.0011413801712,1.00114,0.951717625722584,0.95172,1.16530263981546,1.1653,0.215701005748326,0.2157,1.37197391833952,1.37197,1.02793679171581,1.02794,0.967828850971017,0.96783,0.985312630435074,0.98531,1.15328916152608,1.15329,1.04080995825107,1.04081
123,0.432243748071667,0.43224,1.79148572590948,0.44944,1.30127868204464,0.2962,0.901646003017413,1,1.00130148949082,1.0013,0.951122601461063,0.95112,1.16535629755405,1.16536,0.216771405025694,0.21677,1.37162409180747,1.37162,1.0272453053308,1.02725,0.967498024220513,0.9675,0.985420705210345,0.98542,1.15302649054001,1.15303,1.04089857822876,1.0409
124,0.432507725171695,0.43251,1.79105839924043,0.44938,1.30096011224302,0.29619,0.901315863278557,1,1.00145548304673,1.00146,0.950514118452646,0.95051,1.1654789161408,1.16548,0.217792796901878,0.21779,1.37127466768324,1.37127,1.02656123655898,1.02656,0.967171415774723,0.96717,0.985525737768156,0.98553,1.152767924976,1.15277,1.04098453043667,1.04098
125,0.43277117905402,0.43277,1.79064737166261,0.44933,1.30063723744408,0.29618,0.900998464369428,1,1.00160267367446,1.0016,0.949893426032488,0.94989,1.16566758992199,1.16567,0.218765254160146,0.21877,1.37092658491841,1.37093,1.02588475023619,1.02588,0.966849645972574,0.96685,0.985627499942198,0.98563,1.15251437715007,1.15251,1.04106781487478,1.04107
126,0.433033366198748,0.43303,1.79024764048465,0.44927,1.30031230798734,0.29617,0.900694126814046,1,1.00174594746477,1.00175,0.949261943899627,0.94926,1.16591941324391,1.16592,0.219687248351847,0.21969,1.37057890456141,1.37058,1.02521609361621,1.02522,0.966533149051316,0.96653,0.985726143843343,0.98573,1.15226668335191,1.15227,1.04114793133627,1.04115
127,0.433294341681428,0.43329,1.78986566079219,0.44921,1.29998620444041,0.29615,0.900404292970492,1,1.00188186859533,1.00188,0.948621489268836,0.94862,1.16623148045284,1.16623,0.220560720364157,0.22056,1.37023524828261,1.37024,1.02455716231131,1.02456,0.96622260738377,0.96622,0.985821517360718,0.98582,1.15202309497582,1.15202,1.04122529666017,1.04123
128,0.433552095244568,0.43355,1.78950143258522,0.44916,1.29966127498366,0.29614,0.900127600611688,1,1.00201318572399,1.00201,0.947973879354884,0.94797,1.16660069218483,1.1666,0.22138610689669,0.22139,1.36989467713043,1.36989,1.02390927500826,1.02391,0.965917524698794,0.96592,0.985913544438887,0.98591,1.15178604486451,1.15179,1.04129949400744,1.0413
129,0.433807287794741,0.43381,1.78915124418952,0.44911,1.29933595416352,0.29613,0.899863488820603,1,1.00213838708895,1.00214,0.947321215312351,0.94732,1.16702375536565,1.16702,0.222162413244769,0.22216,1.36956000795963,1.36956,1.0232718547816,1.02327,0.965618459301424,0.96562,0.986001996911541,0.986,1.15155355633327,1.15155,1.0413706901137,1.04137
130,0.434059891794173,0.43406,1.78881816177074,0.44906,1.29900857868557,0.29612,0.899612839038287,1,1.00225685424218,1.00226,0.946664178596776,0.94666,1.16749795805185,1.1675,0.222892016995184,0.22289,1.36922775323574,1.36923,1.02264687966151,1.02265,0.965326341700051,0.96533,0.986087102944988,0.98609,1.15132813825115,1.15133,1.04143913508236,1.04144
131,0.434309246336292,0.43431,1.78850202395176,0.44902,1.29868433411476,0.2961,0.899375410871726,1,1.00236975536327,1.00237,0.946005381454392,0.94601,1.16801991031409,1.16802,0.223574360142873,0.22357,1.36889992499789,1.3689,1.02203385514044,1.02203,0.965041047826891,0.96504,0.986168786483793,0.98617,1.15110796598612,1.15111,1.04150441207439,1.0415
132,0.434554057145727,0.43455,1.78819847354976,0.44898,1.29836312261024,0.29609,0.899151284451925,1,1.00247770890023,1.00248,0.94534380170189,0.94534,1.16858690020891,1.16859,0.224210680003408,0.22421,1.36857826701328,1.36858,1.02143632518915,1.02144,0.964763446156442,0.96476,0.986247123583391,0.98625,1.15089402788053,1.15089,1.04156685456103,1.04157
133,0.434795067742373,0.4348,1.78791170637042,0.44894,1.29804377008183,0.29608,0.89894005912386,1,1.00257934052414,1.00258,0.944684550255813,0.94468,1.16919582837233,1.1692,0.224800661182625,0.2248,1.3682617061944,1.36826,1.02085066341896,1.02085,0.964493040417563,0.96449,0.986321962132911,0.98632,1.15068784446107,1.15069,1.04162546212859,1.04163
134,0.435032498428419,0.43503,1.78763881762519,0.4489,1.2977261786887,0.29607,0.898741654756528,1,1.00267561226525,1.00268,0.944027286388391,0.94403,1.16984378915066,1.16984,0.225345880651354,0.22535,1.3679523887163,1.36795,1.02028016654684,1.02028,0.964230450949181,0.96423,0.986393302132351,0.98639,1.15048675480602,1.15049,1.04168148529417,1.04168
135,0.43526508246627,0.43527,1.78738238934833,0.44886,1.29741162036185,0.29605,0.89855575082591,1,1.00276528722753,1.00277,0.943371612583894,0.94337,1.17052807060041,1.17053,0.225846411192863,0.22585,1.3676491073555,1.36765,1.01972508182658,1.01973,0.963975429615725,0.96398,0.986461143581712,0.98646,1.15029243149476,1.15029,1.04173509079338,1.04174
136,0.435492131411579,0.43549,1.78714435806554,0.44883,1.29710254112251,0.29604,0.898382187069997,1,1.00284987717279,1.00285,0.942721106483902,0.94272,1.17124567021276,1.17125,0.226304193694329,0.2263,1.36735186211201,1.36735,1.019185574094,1.01919,0.963728348620552,0.96373,0.986525638591867,0.98653,1.15010586286963,1.15011,1.04178511147693,1.04179
